{
  "6": {
    "total_pnl": 23.848357929641246,
    "sharpe": 3.833737528188581,
    "max_drawdown": 0.0,
    "num_trades": 4.0,
    "win_rate": 1.0,
    "brier_score": 0.25475000000000003,
    "avg_slippage_bps": 0.0,
    "market_impact_bps": 0.0,
    "fill_rate": 0.4420699362191731,
    "spread_capture_bps": 0.0,
    "adverse_selection_rate": 0.0,
    "implementation_shortfall_bps": 0.0,
    "starting_bankroll": 1000.0,
    "ending_bankroll": 1023.8483579296413,
    "composite_score": 0.9969863260854723
  },
  "100": {
    "total_pnl": 135.2634514667701,
    "sharpe": 0.31737451887915114,
    "max_drawdown": 22.770224999999996,
    "num_trades": 59.0,
    "win_rate": 0.6101694915254238,
    "brier_score": 0.18883200000000003,
    "avg_slippage_bps": 55.29850695920731,
    "market_impact_bps": 0.0,
    "fill_rate": 0.605459054317493,
    "spread_capture_bps": 4.2052144659377655,
    "adverse_selection_rate": 0.43902439024390244,
    "implementation_shortfall_bps": 55.29850695920731,
    "starting_bankroll": 1000.0,
    "ending_bankroll": 1135.2634514667704,
    "composite_score": 0.5962175043162862
  },
  "500": {
    "total_pnl": 695.5032450946967,
    "sharpe": 0.3091021226183526,
    "max_drawdown": 34.276517636659804,
    "num_trades": 312.0,
    "win_rate": 0.6346153846153846,
    "brier_score": 0.202074,
    "avg_slippage_bps": 79.55654526432534,
    "market_impact_bps": 2.8104481594455777,
    "fill_rate": 0.6520137051532549,
    "spread_capture_bps": 0.9230158042014845,
    "adverse_selection_rate": 0.3298429319371728,
    "implementation_shortfall_bps": 79.55654526432534,
    "starting_bankroll": 1000.0,
    "ending_bankroll": 1695.5032450946962,
    "composite_score": 0.730402741030651
  }
}